frame,theta
0,0.8336818218231201
1,0.9531282782554626
