frame,theta
0,0.6824505925178528
1,0.6905928254127502
2,0.7868829965591431
3,0.8374481201171875
4,0.8617440462112427
5,0.727645218372345
6,0.7336724996566772
7,0.8466485738754272
8,0.8394432067871094
9,0.8229077458381653
10,0.8844138979911804
