frame,theta
0,0.636954128742218
1,0.7022058963775635
2,0.7252829670906067
3,0.7456486225128174
4,0.6955040097236633
5,0.6216853857040405
6,0.687309205532074
7,0.673539400100708
8,0.7629660964012146
9,0.6920815706253052
10,0.6670448184013367
11,0.6802325248718262
12,0.6720348596572876
13,0.6736903786659241
14,0.6580548286437988
15,0.627251148223877
