frame,theta
0,0.8263274431228638
1,0.7206243872642517
2,0.707562267780304
3,0.8289232850074768
4,0.7043790817260742
5,0.6790357232093811
6,0.9036603569984436
