frame,theta
0,0.8615435361862183
1,0.7962936162948608
2,0.7877510190010071
3,0.8019310235977173
4,0.8601041436195374
5,0.8041197061538696
6,0.8334158062934875
7,0.8137183785438538
8,0.8139001727104187
9,0.7796585559844971
10,0.7950162887573242
11,0.8621414303779602
12,0.7814047336578369
13,0.7953805923461914
14,0.8333724141120911
15,0.8314604163169861
