frame,theta
0,0.8786041140556335
1,0.9334304928779602
