frame,theta
0,0.7720717787742615
1,0.8511738777160645
2,0.7283139824867249
3,0.7384192943572998
4,0.8362470865249634
5,0.7653259634971619
6,0.7555793523788452
7,0.7494768500328064
8,0.7661088109016418
9,0.7968093156814575
10,0.7582804560661316
11,0.7821348309516907
