frame,theta
0,0.8183767795562744
1,0.8340362906455994
2,0.8206554651260376
3,0.7944099307060242
4,0.8319297432899475
5,0.8017226457595825
6,0.8140292167663574
7,0.8359161019325256
8,0.8009971976280212
9,0.8524848222732544
10,0.8269556164741516
