frame,theta
0,0.8535751104354858
1,0.8775619268417358
2,0.8408167958259583
3,0.8603620529174805
4,0.8827118873596191
