frame,theta
0,0.7117740511894226
1,0.7148505449295044
2,0.6830406785011292
3,0.727127730846405
4,0.7035871148109436
5,0.7094252705574036
6,0.764940083026886
7,0.7542194128036499
8,0.7549425959587097
9,0.7426016330718994
10,0.7470166683197021
11,0.7595041394233704
12,0.7904080152511597
13,0.7207973599433899
14,0.7722139954566956
