frame,theta
0,0.8404566645622253
1,0.8771008253097534
2,0.9112412333488464
