frame,theta
0,0.8032048940658569
1,0.7845549583435059
2,0.8077366352081299
3,0.8504382967948914
4,0.7628933191299438
5,0.777374804019928
6,0.8559219241142273
7,0.8183620572090149
8,0.8583550453186035
9,0.8435128927230835
10,0.8144270181655884
11,0.8462302684783936
12,0.8456986546516418
13,0.8420496582984924
14,0.7853973507881165
15,0.7842814326286316
16,0.8229769468307495
17,0.8683503270149231
18,0.8413335680961609
