frame,theta
0,0.7819839119911194
1,0.7643243670463562
2,0.7974397540092468
3,0.8090810179710388
4,0.8387786746025085
5,0.7620813250541687
6,0.8186535239219666
7,0.7947072982788086
8,0.8010249137878418
9,0.8237146139144897
10,0.7854002714157104
11,0.7948534488677979
12,0.8248500227928162
13,0.7544384598731995
14,0.7835418581962585
