frame,theta
0,0.8155529499053955
1,0.8870534300804138
