frame,theta
0,0.7867088317871094
1,0.8487077951431274
2,0.8374726176261902
3,0.8708078861236572
4,0.8809289336204529
