frame,theta
0,0.8372618556022644
1,0.8388012647628784
2,0.8819582462310791
