frame,theta
0,0.7579435110092163
1,0.7964261174201965
2,0.7074861526489258
3,0.7065202593803406
4,0.7980536222457886
5,0.7748364210128784
6,0.7595753073692322
7,0.7608107328414917
8,0.7307662963867188
9,0.7810786366462708
10,0.7435615658760071
11,0.8228141069412231
12,0.7616209387779236
13,0.7222164869308472
14,0.7160850763320923
15,0.7319091558456421
16,0.7262067794799805
17,0.780624270439148
