frame,theta
0,0.73193359375
1,0.7547763586044312
2,0.6719710230827332
3,0.6628523468971252
4,0.746597170829773
5,0.7241173386573792
6,0.696078896522522
7,0.7192089557647705
8,0.7074335217475891
9,0.7462042570114136
10,0.7280443906784058
11,0.7785779237747192
12,0.7414587736129761
13,0.6799256205558777
14,0.7114953398704529
15,0.6872335076332092
16,0.7261329293251038
17,0.765570878982544
18,0.7040688395500183
19,0.6867494583129883
20,0.7097283005714417
