frame,theta
0,0.7048450708389282
1,0.7383217811584473
2,0.7702807784080505
3,0.7731093168258667
4,0.7519396543502808
5,0.7042436599731445
6,0.7575379610061646
7,0.8008535504341125
8,0.7569932341575623
9,0.752245306968689
